{"scroll": {"before_train": 0.39673366834170853, "before_val": 0.34673366834170855, "after_train": 0.9396551724137931, "after_val": 0.8844221105527639, "precision": 0.8845381359626254, "recall": 0.8867295486671852, "f1": 0.8856324867068052}, "signature": {"before_train": 0.67, "before_val": 0.63, "after_train": 0.9369527101516724, "after_val": 0.9836734533309937, "precision": 0.9790396683474207, "recall": 0.9846709595676771, "f1": 0.9818472395904918}, "keystroke": {"before_train": 0.6100000000000001, "before_val": 0.55, "after_train": 0.9951827466734827, "after_val": 0.9879230533454594, "precision": 0.984366992411583, "recall": 0.9895664805062288, "f1": 0.9869598885390501}, "copy_paste": {"before_train": 0.92, "before_val": 0.9, "after_train": 0.9968930437855528, "after_val": 0.987747258186059, "precision": 0.9853452626297591, "recall": 0.9843699585612653, "f1": 0.9848573691347121}, "cognitive": {"before_train": 0.55, "before_val": 0.5, "after_train": 0.995657407233706, "after_val": 0.9891856177468427, "precision": 0.9883437641016829, "recall": 0.993132235120436, "f1": 0.9907322136578846}, "image": {"before_train": 0.52, "before_val": 0.45, "after_train": 0.9976474632340794, "after_val": 0.9896874549898081, "precision": 0.988574847447728, "recall": 0.9912312740749589, "f1": 0.989901278616529}}